Lora regular,Athiti regular
Roboto Condensed regular,Muli regular
Lato regular,Raleway regular
Noticia Text regular,Montserrat Alternates regular
Libre Franklin regular,Biryani regular
Alegreya Sans regular,Trykker regular
Expletus Sans regular,Hind regular
Squada One regular,Expletus Sans regular
Poppins regular,Amiko regular
Catamaran regular,Poppins regular
Ubuntu regular,Sarala regular
Playfair Display SC regular,Halant regular
Halant 300,Work Sans regular
Open Sans italic,Rasa regular
Baloo Thambi regular,Rasa regular
Fira Sans Condensed regular,Maitree regular
Arapey regular,Neuton regular
Catamaran regular,Neuton regular
Open Sans regular,Didact Gothic regular
Roboto regular,Taviraj regular